id_prod,date_prix,prix
1001,2015-01-01,24.95
1002,2015-01-01,14.95
1003,2015-01-01,22.95
1004,2015-01-01,12.95
1005,2015-01-01,14.95
1006,2015-01-01,12.95
1007,2015-01-01,19.95
1008,2015-01-01,17.95
1009,2015-01-01,8.95
1010,2015-01-01,24.95
1011,2015-01-01,14.95
1012,2015-01-01,8.95
1013,2015-01-01,9.95
1014,2015-01-01,14.95
1015,2015-01-01,14.95
1016,2015-01-01,8.95
1017,2015-01-01,14.95
1018,2015-01-01,14.95
1019,2015-01-01,14.95
1020,2015-01-01,8.95
1021,2015-01-01,16.95
1022,2015-01-01,19.95
1023,2015-01-01,29.95
1024,2015-01-01,26.95
1025,2015-01-01,17.95
1026,2015-01-01,17.95
1027,2015-01-01,17.95
1028,2015-01-01,24.95
1029,2015-01-01,16.95
1030,2015-01-01,17.95
1031,2015-01-01,14.95
1032,2015-01-01,14.95
1033,2015-01-01,14.95
1034,2015-01-01,14.95
1035,2015-01-01,16.95
1036,2015-01-01,14.95
1037,2015-01-01,17.95
1038,2015-01-01,12.95
1039,2015-01-01,17.95
1040,2015-01-01,29.95
1041,2015-01-01,7.95
1042,2015-01-01,17.95
1043,2015-01-01,14.95
1044,2015-01-01,17.95
1045,2015-01-01,15.95
1046,2015-01-01,29.95
1047,2015-01-01,14.95
1048,2015-01-01,4.95
1049,2015-01-01,17.95
1050,2015-01-01,12.95
1051,2015-01-01,12.95
1052,2015-01-01,14.95
1053,2015-01-01,14.95
1054,2015-01-01,12.95
1055,2015-01-01,9.95
1056,2015-01-01,14.95
1057,2015-01-01,17.95
1058,2015-01-01,24.95
1059,2015-01-01,14.95
1060,2015-01-01,17.95
1061,2015-01-01,17.95
1062,2015-01-01,16.95
1063,2015-01-01,17.95
1064,2015-01-01,9.95
1065,2015-01-01,14.95
1066,2015-01-01,14.95
1067,2015-01-01,17.95
1068,2015-01-01,13.95
1069,2015-01-01,17.95
1070,2015-01-01,11.95
1071,2015-01-01,17.95
1072,2015-01-01,15.95
1073,2015-01-01,12.95
1074,2015-01-01,4.95
1075,2015-01-01,14.95
1076,2015-01-01,16.95
1077,2015-01-01,17.95
1078,2015-01-01,14.95
1079,2015-01-01,17.95
1080,2015-01-01,14.95
1081,2015-01-01,19.95
1082,2015-01-01,15.95
1083,2015-01-01,17.95
1084,2015-01-01,17.95
1085,2015-01-01,9.95
1086,2015-01-01,19.95
1087,2015-01-01,4.95
1088,2015-01-01,9.95
1089,2015-01-01,17.95
1090,2015-01-01,16.95
1091,2015-01-01,4.95
1092,2015-01-01,17.95
1093,2015-01-01,14.95
1094,2015-01-01,16.95
1095,2015-01-01,9.95
1096,2015-01-01,9.95
1097,2015-01-01,17.95
1098,2015-01-01,17.95
1099,2015-01-01,12.95
1100,2015-01-01,11.95
1101,2015-01-01,14.95
1102,2015-01-01,6.95
1103,2015-01-01,17.95
1104,2015-01-01,15.95
1105,2015-01-01,17.95
1106,2015-01-01,8.95
1107,2015-01-01,17.95
1108,2015-01-01,14.95
1109,2015-01-01,12.95
1110,2015-01-01,22.95
1111,2015-01-01,12.95
1112,2015-01-01,14.95
1113,2015-01-01,14.95
1114,2015-01-01,17.95
1115,2015-01-01,14.95
1116,2015-01-01,9.95
1117,2015-01-01,12.95
1118,2015-01-01,14.95
1119,2015-01-01,14.95
1120,2015-01-01,12.95
1121,2015-01-01,14.95
1122,2015-01-01,17.95
1123,2015-01-01,14.95
1124,2015-01-01,22.95
1125,2015-01-01,19.95
1126,2015-01-01,19.95
1127,2015-01-01,12.95
1128,2015-01-01,9.95
1129,2015-01-01,14.95
1130,2015-01-01,14.95
1131,2015-01-01,5.95
1132,2015-01-01,17.95
1133,2015-01-01,14.95
1134,2015-01-01,9.95
1135,2015-01-01,14.95
1136,2015-01-01,17.95
1137,2015-01-01,14.95
1138,2015-01-01,17.95
1139,2015-01-01,14.95
1140,2015-01-01,24.95
1141,2015-01-01,14.95
1142,2015-01-01,16.95
1143,2015-01-01,17.95
1144,2015-01-01,17.95
1145,2015-01-01,17.95
1146,2015-01-01,17.95
1147,2015-01-01,17.95
1148,2015-01-01,24.95
1149,2015-01-01,17.95
1150,2015-01-01,14.95
1151,2015-01-01,9.95
1152,2015-01-01,17.95
1153,2015-01-01,17.95
1154,2015-01-01,29.95
1155,2015-01-01,22.95
1156,2015-01-01,13.95
1157,2015-01-01,14.95
1158,2015-01-01,27.95
1159,2015-01-01,27.95
1160,2015-01-01,26.95
1161,2015-01-01,19.95
1162,2015-01-01,39.95
1163,2015-01-01,17.95
1164,2015-01-01,14.95
1165,2015-01-01,14.95
1166,2015-01-01,19.95
1167,2015-01-01,4.95
1168,2015-01-01,17.95
1169,2015-01-01,19.95
1170,2015-01-01,16.95
1171,2015-01-01,16.95
1172,2015-01-01,27.95
1173,2015-01-01,14.95
1174,2015-01-01,14.95
1175,2015-01-01,19.95
1176,2015-01-01,17.95
1177,2015-01-01,14.95
1178,2015-01-01,14.95
1179,2015-01-01,16.95
1180,2015-01-01,19.95
1181,2015-01-01,12.95
1182,2015-01-01,22.95
1183,2015-01-01,17.95
1184,2015-01-01,14.95
1185,2015-01-01,14.95
1186,2015-01-01,16.95
1187,2015-01-01,39.95
1188,2015-01-01,13.95
1189,2015-01-01,17.95
1190,2015-01-01,16.95
1191,2015-01-01,9.95
1192,2015-01-01,12.95
1193,2015-01-01,27.95
1194,2015-01-01,39.95
1195,2015-01-01,14.95
1196,2015-01-01,17.95
1197,2015-01-01,16.95
1198,2015-01-01,27.95
1199,2015-01-01,17.95
1200,2015-01-01,4.95
1201,2015-01-01,17.95
1202,2015-01-01,17.95
1203,2015-01-01,17.95
1204,2015-01-01,17.95
1205,2015-01-01,14.95
1206,2015-01-01,27.95
1207,2015-01-01,14.95
1208,2015-01-01,4.95
1209,2015-01-01,17.95
1210,2015-01-01,19.95
1211,2015-01-01,7.95
1212,2015-01-01,6.95
1213,2015-01-01,12.95
1214,2015-01-01,9.95
1215,2015-01-01,16.95
1216,2015-01-01,17.95
1217,2015-01-01,17.95
1218,2015-01-01,12.95
1219,2015-01-01,9.95
1220,2015-01-01,16.95
1221,2015-01-01,14.95
1222,2015-01-01,17.95
1223,2015-01-01,16.95
1224,2015-01-01,4.95
1225,2015-01-01,19.95
1226,2015-01-01,17.95
1227,2015-01-01,14.95
1228,2015-01-01,17.95
1229,2015-01-01,17.95
1230,2015-01-01,16.95
1231,2015-01-01,4.95
1232,2015-01-01,9.95
1233,2015-01-01,9.95
1234,2015-01-01,16.95
1235,2015-01-01,14.95
1236,2015-01-01,24.95
1237,2015-01-01,22.95
1238,2015-01-01,24.95
1239,2015-01-01,14.95
1240,2015-01-01,22.95
1241,2015-01-01,16.95
1242,2015-01-01,17.95
1243,2015-01-01,7.95
1244,2015-01-01,14.95
1245,2015-01-01,17.95
1246,2015-01-01,17.95
1247,2015-01-01,22.95
1248,2015-01-01,9.95
1249,2015-01-01,17.95
1250,2015-01-01,14.95
1251,2015-01-01,9.95
1252,2015-01-01,14.95
1253,2015-01-01,14.95
1254,2015-01-01,19.95
1255,2015-01-01,14.95
1256,2015-01-01,16.95
1257,2015-01-01,17.95
1258,2015-01-01,14.95
1259,2015-01-01,5.95
1260,2015-01-01,12.95
1261,2015-01-01,14.95
1262,2015-01-01,17.95
1263,2015-01-01,14.95
1264,2015-01-01,14.95
1265,2015-01-01,11.95
1266,2015-01-01,14.95
1267,2015-01-01,12.95
1268,2015-01-01,6.95
1269,2015-01-01,19.95
1270,2015-01-01,14.95
1271,2015-01-01,14.95
1272,2015-01-01,14.95
1273,2015-01-01,17.95
1274,2015-01-01,12.95
1275,2015-01-01,14.95
1276,2015-01-01,17.95
1277,2015-01-01,16.95
1278,2015-01-01,6.95
1279,2015-01-01,17.95
1280,2015-01-01,16.95
1281,2015-01-01,17.95
1282,2015-01-01,14.95
1283,2015-01-01,6.95
1284,2015-01-01,19.95
1285,2015-01-01,7.95
1286,2015-01-01,17.95
1287,2015-01-01,4.95
1288,2015-01-01,17.95
1289,2015-01-01,13.95
1290,2015-01-01,17.95
1291,2015-01-01,16.95
1292,2015-01-01,14.95
1293,2015-01-01,12.95
1294,2015-01-01,14.95
1295,2015-01-01,16.95
1296,2015-01-01,22.95
1297,2015-01-01,14.95
1298,2015-01-01,17.95
1299,2015-01-01,12.95
1300,2015-01-01,14.95
1301,2015-01-01,14.95
1302,2015-01-01,14.95
1303,2015-01-01,24.95
1304,2015-01-01,16.95
1305,2015-01-01,14.95
1306,2015-01-01,19.95
1307,2015-01-01,14.95
1308,2015-01-01,16.95
1309,2015-01-01,14.95
1310,2015-01-01,16.95
1311,2015-01-01,14.95
1312,2015-01-01,17.95
1313,2015-01-01,24.95
1314,2015-01-01,17.95
1315,2015-01-01,14.95
1316,2015-01-01,14.95
1317,2015-01-01,14.95
1318,2015-01-01,14.95
1319,2015-01-01,4.95
1320,2015-01-01,17.95
1321,2015-01-01,17.95
1322,2015-01-01,14.95
1323,2015-01-01,16.95
1324,2015-01-01,14.95
1325,2015-01-01,17.95
1326,2015-01-01,17.95
1327,2015-01-01,17.95
1328,2015-01-01,16.95
1329,2015-01-01,6.95
1330,2015-01-01,14.95
1331,2015-01-01,9.95
1332,2015-01-01,17.95
1333,2015-01-01,14.95
1334,2015-01-01,17.95
1335,2015-01-01,17.95
1336,2015-01-01,19.95
1337,2015-01-01,12.95
1338,2015-01-01,14.95
1339,2015-01-01,17.95
1340,2015-01-01,17.95
1341,2015-01-01,24.95
1342,2015-01-01,16.95
1343,2015-01-01,16.95
1344,2015-01-01,19.95
1345,2015-01-01,24.95
1346,2015-01-01,14.95
1347,2015-01-01,11.95
1348,2015-01-01,17.95
1349,2015-01-01,27.95
1350,2015-01-01,17.95
1351,2015-01-01,17.95
1352,2015-01-01,14.95
1353,2015-01-01,14.95
1354,2015-01-01,17.95
1355,2015-01-01,14.95
1356,2015-01-01,16.95
1357,2015-01-01,17.95
1358,2015-01-01,14.95
1359,2015-01-01,14.95
1360,2015-01-01,17.95
1361,2015-01-01,17.95
1362,2015-01-01,12.95
1363,2015-01-01,17.95
1364,2015-01-01,17.95
1365,2015-01-01,14.95
1366,2015-01-01,17.95
1367,2015-01-01,17.95
1368,2015-01-01,16.95
1369,2015-01-01,10.95
1370,2015-01-01,16.95
1371,2015-01-01,11.95
1372,2015-01-01,17.95
1373,2015-01-01,14.95
1374,2015-01-01,14.95
1375,2015-01-01,16.95
1376,2015-01-01,14.95
1377,2015-01-01,12.95
1378,2015-01-01,14.95
1379,2015-01-01,14.95
1380,2015-01-01,12.95
1381,2015-01-01,17.95
1382,2015-01-01,17.95
1383,2015-01-01,12.95
1384,2015-01-01,19.95
1385,2015-01-01,17.95
1386,2015-01-01,24.95
1387,2015-01-01,16.95
1388,2015-01-01,24.95
1389,2015-01-01,17.95
1390,2015-01-01,8.95
1391,2015-01-01,17.95
1392,2015-01-01,14.95
1393,2015-01-01,17.95
1394,2015-01-01,22.95
1395,2015-01-01,17.95
1396,2015-01-01,17.95
1397,2015-01-01,17.95
1398,2015-01-01,12.95
1399,2015-01-01,17.95
1400,2015-01-01,12.95
1401,2015-01-01,12.95
1402,2015-01-01,16.95
1403,2015-01-01,17.95
1404,2015-01-01,14.95
1405,2015-01-01,17.95
1406,2015-01-01,12.95
1407,2015-01-01,32.95
1408,2015-01-01,17.95
1409,2015-01-01,17.95
1410,2015-01-01,19.95
1411,2015-01-01,30.95
1411,2017-01-01,24.95
1411,2019-01-01,14.95
1412,2015-01-01,14.95
1413,2015-01-01,17.95
1414,2015-01-01,17.95
1415,2015-01-01,17.95
1416,2015-01-01,14.95
1417,2015-01-01,17.95
1418,2015-01-01,13.95
1419,2015-01-01,6.95
1420,2015-01-01,24.95
1421,2015-01-01,24.95
1422,2015-01-01,29.95
1423,2015-01-01,39.95
1424,2015-01-01,27.95
1425,2015-01-01,39.95
1426,2015-01-01,12.95
1427,2015-01-01,14.95
1428,2015-01-01,49.95
1429,2015-01-01,16.95
1430,2015-01-01,17.95
1431,2015-01-01,24.95
1432,2015-01-01,29.95
1433,2015-01-01,17.95
1434,2015-01-01,12.95
1435,2015-01-01,9.95
1436,2015-01-01,17.95
1437,2015-01-01,14.95
1438,2015-01-01,24.95
1439,2015-01-01,15.95
1440,2015-01-01,24.95
1441,2015-01-01,17.95
1442,2015-01-01,24.95
1443,2015-01-01,17.95
1444,2015-01-01,17.95
1445,2015-01-01,16.95
1446,2015-01-01,29.95
1447,2015-01-01,14.95
1448,2015-01-01,14.95
1449,2015-01-01,17.95
1450,2015-01-01,14.95
1451,2015-01-01,24.95
1452,2015-01-01,23.95
1453,2015-01-01,16.95
1454,2015-01-01,17.95
1455,2015-01-01,17.95
1456,2015-01-01,17.95
1457,2015-01-01,24.95
1458,2015-01-01,19.95
1459,2015-01-01,16.95
1460,2015-01-01,11.95
1461,2015-01-01,17.95
1462,2015-01-01,24.95
1462,2017-01-01,19.95
1462,2018-01-01,17.95
1462,2019-01-01,16.95
1463,2015-01-01,17.95
1464,2015-01-01,14.95
1465,2015-01-01,14.95
1466,2015-01-01,17.95
1467,2015-01-01,12.95
1468,2015-01-01,9.95
1469,2015-01-01,19.95
1470,2015-01-01,17.95
1471,2015-01-01,29.95
1472,2015-01-01,16.95
1473,2015-01-01,17.95
1474,2015-01-01,19.95
1475,2015-01-01,14.95
1476,2015-01-01,12.95
1477,2015-01-01,22.95
1478,2015-01-01,17.95
1479,2015-01-01,17.95
1480,2015-01-01,9.95
1481,2015-01-01,17.95
1482,2015-01-01,16.95
1483,2015-01-01,16.95
1484,2015-01-01,17.95
1485,2015-01-01,17.95
1486,2015-01-01,9.95
1487,2015-01-01,19.95
1488,2015-01-01,9.95
1489,2015-01-01,14.95
1490,2015-01-01,16.95
1491,2015-01-01,14.95
1492,2015-01-01,9.95
1493,2015-01-01,9.95
1494,2015-01-01,24.95
1494,2016-01-01,20.95
1494,2018-01-01,19.95
1494,2019-01-01 ,17.95
1495,2015-01-01,19.95
1496,2015-01-01,24.95
1497,2015-01-01,19.95
1498,2015-01-01,16.95
1499,2015-01-01,17.95
1500,2015-01-01,17.95
1501,2015-01-01,24.95
1502,2015-01-01,14.95
1503,2015-01-01,16.95
1504,2015-01-01,24.95
1505,2015-01-01,14.95
1506,2015-01-01,9.95
1507,2015-01-01,17.95
1508,2015-01-01,11.95
1509,2015-01-01,16.95
1510,2015-01-01,16.95
1511,2015-01-01,9.95
1512,2015-01-01,19.95
1513,2015-01-01,17.95
1514,2015-01-01,9.95
1514,2018-01-01,11.95
1514,2019-01-01,17.95
1515,2015-01-01,7.95
1516,2015-01-01,17.95
1517,2015-01-01,16.95
1518,2015-01-01,16.95
1519,2015-01-01,17.95
1520,2015-01-01,17.95
1521,2015-01-01,22.95
1522,2015-01-01,17.95
1523,2015-01-01,17.95
1524,2015-01-01,17.95
1525,2015-01-01,14.95
1526,2015-01-01,19.95
1527,2015-01-01,17.95
1528,2015-01-01,16.95
1529,2015-01-01,17.95
1530,2015-01-01,24.95
1531,2015-01-01,14.95
1532,2015-01-01,19.95
1533,2015-01-01,22.95
1534,2015-01-01,14.95
1535,2015-01-01,17.95
1536,2015-01-01,14.95
1537,2015-01-01,27.95
1538,2015-01-01,16.95
1539,2015-01-01,24.95
1540,2015-01-01,14.95
1541,2015-01-01,12.95
1542,2015-01-01,17.95
1543,2015-01-01,17.95
1544,2015-01-01,14.95
1545,2015-01-01,8.95
1546,2015-01-01,12.95
1547,2015-01-01,12.95
1548,2015-01-01,16.95
1549,2015-01-01,12.95
1550,2015-01-01,15.95
1551,2015-01-01,17.95
1552,2015-01-01,17.95
1553,2015-01-01,9.95
1554,2015-01-01,17.95
1555,2015-01-01,12.95
1556,2015-01-01,14.95
1557,2015-01-01,17.95
1558,2015-01-01,17.95
1559,2015-01-01,19.95
1560,2015-01-01,17.95
1561,2015-01-01,24.95
1562,2015-01-01,17.95
1563,2015-01-01,17.95
1564,2015-01-01,19.95
1565,2015-01-01,17.95
1566,2015-01-01,24.95
1567,2015-01-01,17.95
1568,2015-01-01,19.95
1569,2015-01-01,14.95
1570,2015-01-01,16.95
1571,2015-01-01,14.95
1572,2015-01-01,17.95
1573,2015-01-01,17.95
1574,2015-01-01,12.95
1575,2015-01-01,17.95
1576,2015-01-01,17.95
1577,2015-01-01,11.95
1578,2015-01-01,17.95
1579,2015-01-01,12.95
1580,2015-01-01,9.95
1581,2015-01-01,14.95
1582,2015-01-01,14.95
1583,2015-01-01,17.95
1584,2015-01-01,14.95
1585,2015-01-01,19.95
1586,2015-01-01,17.95
1587,2015-01-01,17.95
1588,2015-01-01,14.95
1589,2015-01-01,14.95
1590,2015-01-01,17.95
1591,2015-01-01,17.95
1592,2015-01-01,14.95
1593,2015-01-01,16.95
1594,2015-01-01,14.95
1595,2015-01-01,9.95
1596,2015-01-01,19.95
1597,2015-01-01,17.95
1598,2015-01-01,17.95
1599,2015-01-01,17.95
1600,2015-01-01,14.95
1601,2015-01-01,16.95
1602,2015-01-01,17.95
1603,2015-01-01,9.95
1604,2015-01-01,14.95
1605,2015-01-01,12.95
1606,2015-01-01,16.95
1607,2015-01-01,24.95
1608,2015-01-01,24.95
1609,2015-01-01,14.95
1610,2015-01-01,34.95
1611,2015-01-01,14.95
1612,2015-01-01,19.95
1613,2015-01-01,12.95
1614,2015-01-01,19.95
1615,2015-01-01,7.95
1616,2015-01-01,7.95
1617,2015-01-01,17.95
1618,2015-01-01,16.95
1619,2015-01-01,16.95
1620,2015-01-01,14.95
1621,2015-01-01,13.95
1622,2015-01-01,16.95
1623,2015-01-01,16.95
1624,2015-01-01,12.95
1625,2015-01-01,16.95
1626,2015-01-01,17.95
1627,2015-01-01,14.95
1628,2015-01-01,17.95
1629,2015-01-01,17.95
1630,2015-01-01,16.95
1631,2015-01-01,9.95
1632,2015-01-01,16.95
1633,2015-01-01,13.95
1634,2015-01-01,19.95
1635,2015-01-01,14.95
1636,2015-01-01,17.95
1637,2015-01-01,14.95
1638,2015-01-01,16.95
1639,2015-01-01,14.95
1640,2015-01-01,29.95
1641,2015-01-01,12.95
1642,2015-01-01,17.95
1643,2015-01-01,24.95
1644,2015-01-01,16.95
1645,2015-01-01,22.95
1646,2015-01-01,14.95
1647,2015-01-01,17.95
1648,2015-01-01,17.95
1649,2015-01-01,30.95
1649,2020-01-01,17.95
1650,2015-01-01,16.95
1651,2015-01-01,17.95
1652,2015-01-01,17.95
1653,2015-01-01,24.95
1654,2015-01-01,17.95
1655,2015-01-01,24.95
1656,2015-01-01,9.95
1657,2015-01-01,7.95
1658,2015-01-01,16.95
1659,2015-01-01,14.95
1660,2015-01-01,19.95
1661,2015-01-01,30.95
1661,2018-01-01,24.95
1662,2015-01-01,17.95
1663,2015-01-01,17.95
1664,2015-01-01,6.95
1665,2015-01-01,22.95
1666,2015-01-01,16.95
1667,2015-01-01,24.95
1668,2015-01-01,16.95
1669,2015-01-01,16.95
1670,2015-01-01,16.95
1671,2015-01-01,17.95
1672,2015-01-01,17.95
1673,2015-01-01,20.95
1673,2018-01-01,17.95
1674,2015-01-01,13.95
1675,2015-01-01,22.95
1676,2015-01-01,14.95
1677,2015-01-01,12.95
1678,2015-01-01,22.95
1679,2015-01-01,14.95
1680,2015-01-01,17.95
1681,2015-01-01,19.95
1682,2015-01-01,17.95
1683,2015-01-01,14.95
1684,2015-01-01,16.95
1685,2015-01-01,14.95
1686,2015-01-01,9.95
1687,2015-01-01,27.95
1688,2015-01-01,14.95
1689,2015-01-01,11.95
1690,2015-01-01,9.95
1691,2015-01-01,12.95
1692,2015-01-01,17.95
1693,2015-01-01,24.95
1694,2015-01-01,14.95
1695,2015-01-01,14.95
1696,2015-01-01,17.95
1697,2015-01-01,12.95
1698,2015-01-01,9.95
1699,2015-01-01,17.95
1700,2015-01-01,14.95
1701,2015-01-01,17.95
1702,2015-01-01,17.95
1703,2015-01-01,17.95
1704,2015-01-01,12.95
1705,2015-01-01,12.95
1706,2015-01-01,22.95
1707,2015-01-01,19.95
1708,2015-01-01,6.95
1709,2015-01-01,30.95
1709,2020-01-01,14.95
1710,2015-01-01,16.95
1711,2015-01-01,50.95
1711,2019-01-01,24.95
1712,2015-01-01,17.95
1713,2015-01-01,17.95
1714,2015-01-01,14.95
1715,2015-01-01,16.95
1716,2015-01-01,17.95
1717,2015-01-01,16.95
1718,2015-01-01,16.95
1719,2015-01-01,27.95
1720,2015-01-01,17.95
1721,2015-01-01,12.95
1722,2015-01-01,14.95
1723,2015-01-01,14.95
1724,2015-01-01,17.95
1725,2015-01-01,20.95
1725,2020-01-01,16.95
1726,2015-01-01,17.95
1727,2015-01-01,16.95
1728,2015-01-01,17.95
1729,2015-01-01,14.95
1730,2015-01-01,16.95
1731,2015-01-01,44.95
1732,2015-01-01,17.95
1733,2015-01-01,16.95
1734,2015-01-01,24.95
1735,2015-01-01,17.95
1736,2015-01-01,12.95
1736,2020-01-01,22.95
1737,2015-01-01,17.95
1738,2015-01-01,14.95
1739,2015-01-01,17.95
1740,2015-01-01,9.95
1741,2015-01-01,12.95
1742,2015-01-01,14.95
1743,2015-01-01,14.95
1744,2015-01-01,14.95
1745,2015-01-01,22.95
1746,2015-01-01,16.95
1747,2015-01-01,24.95
1748,2015-01-01,25.95
1748,2016-01-01,20.95
1748,2018-01-01,14.95
1749,2015-01-01,17.95
1750,2015-01-01,16.95
1751,2015-01-01,16.95
1752,2015-01-01,17.95
1753,2015-01-01,17.95
1754,2015-01-01,17.95
1755,2015-01-01,16.95
1756,2015-01-01,24.95
1757,2015-01-01,34.95
1758,2015-01-01,17.95
1759,2015-01-01,16.95
1760,2015-01-01,20.95
1760,2017-01-01,12.95
1761,2015-01-01,16.95
1762,2015-01-01,17.95
1763,2015-01-01,12.95
1764,2015-01-01,17.95
1765,2015-01-01,17.95
1766,2015-01-01,19.95
1767,2015-01-01,16.95
1768,2015-01-01,17.95
1769,2015-01-01,12.95
1770,2015-01-01,17.95
1771,2015-01-01,24.95
1772,2015-01-01,24.95
1773,2015-01-01,14.95
1774,2015-01-01,14.95
1775,2015-01-01,17.95
1776,2015-01-01,17.95
1777,2015-01-01,17.95
1778,2015-01-01,23.95
1779,2015-01-01,17.95
1780,2015-01-01,16.95
1781,2015-01-01,14.95
1782,2015-01-01,17.95
1783,2015-01-01,19.95
1784,2015-01-01,17.95
1785,2015-01-01,17.95
1786,2015-01-01,17.95
1787,2015-01-01,12.95
1788,2015-01-01,17.95
1789,2015-01-01,17.95
1790,2015-01-01,14.95
1791,2015-01-01,16.95
1792,2015-01-01,12.95
1793,2015-01-01,7.95
1794,2015-01-01,12.95
1795,2015-01-01,9.95
1796,2015-01-01,17.95
1797,2015-01-01,14.95
1798,2015-01-01,14.95
1799,2015-01-01,19.95
1800,2015-01-01,6.95
1801,2015-01-01,17.95
1802,2015-01-01,7.95
1803,2015-01-01,24.95
1804,2015-01-01,16.95
1805,2015-01-01,11.95
1806,2015-01-01,14.95
1807,2015-01-01,14.95
1808,2015-01-01,16.95
1809,2015-01-01,12.95
1810,2015-01-01,8.95
1811,2015-01-01,17.95
1812,2015-01-01,16.95
1813,2015-01-01,17.95
1814,2015-01-01,17.95
1815,2015-01-01,19.95
1816,2015-01-01,12.95
1817,2015-01-01,9.95
1818,2015-01-01,17.95
1819,2015-01-01,24.95
1820,2015-01-01,22.95
1821,2015-01-01,14.95
1822,2015-01-01,16.95
1823,2015-01-01,14.95
1824,2015-01-01,17.95
1825,2015-01-01,17.95
1826,2015-01-01,17.95
1827,2015-01-01,13.95
1828,2015-01-01,19.95
1829,2015-01-01,19.95
1830,2015-01-01,17.95
1831,2015-01-01,19.95
1832,2015-01-01,14.95
1833,2015-01-01,24.95
1834,2015-01-01,29.95
1835,2015-01-01,24.95
1836,2015-01-01,39.95
1837,2015-01-01,29.95
1838,2015-01-01,24.95
1839,2015-01-01,24.95
1840,2015-01-01,27.95
1841,2015-01-01,22.95
1842,2015-01-01,17.95
1843,2015-01-01,29.95
1844,2015-01-01,17.95
1845,2015-01-01,24.95
1846,2015-01-01,17.95
1847,2015-01-01,9.95
1848,2015-01-01,19.95
1849,2015-01-01,14.95
1850,2015-01-01,14.95
1851,2015-01-01,9.95
1852,2015-01-01,19.95
1853,2015-01-01,9.95
1854,2015-01-01,16.95
1855,2015-01-01,29.95
1856,2015-01-01,24.95
1857,2015-01-01,14.95
1858,2015-01-01,14.95
1859,2015-01-01,16.95
1860,2015-01-01,24.95
1861,2015-01-01,16.95
1862,2015-01-01,17.95
1863,2015-01-01,17.95
1864,2015-01-01,12.95
1865,2015-01-01,16.95
1866,2015-01-01,17.95
1867,2015-01-01,17.95
1868,2015-01-01,17.95
1869,2015-01-01,17.95
1870,2015-01-01,29.95
1871,2015-01-01,22.95
1872,2015-01-01,24.95
1873,2015-01-01,16.95
1874,2015-01-01,24.95
1875,2015-01-01,24.95
1876,2015-01-01,22.95
1877,2015-01-01,17.95
1878,2015-01-01,12.95
1879,2015-01-01,17.95
1880,2015-01-01,14.95
1881,2015-01-01,14.95
1882,2015-01-01,17.95
1883,2015-01-01,24.95
1884,2015-01-01,24.95
1885,2015-01-01,17.95
1886,2015-01-01,14.95
1887,2015-01-01,17.95
1888,2015-01-01,9.95
1889,2015-01-01,16.95
1890,2015-01-01,19.95
1891,2015-01-01,16.95
1892,2015-01-01,17.95
1893,2015-01-01,17.95
1894,2015-01-01,17.95
1895,2015-01-01,17.95
1896,2015-01-01,17.95
1897,2015-01-01,16.95
1898,2015-01-01,17.95
1899,2015-01-01,17.95
1900,2015-01-01,19.95
1901,2015-01-01,24.95
1902,2015-01-01,14.95
1903,2015-01-01,14.95
1904,2015-01-01,14.95
1905,2015-01-01,12.95
1906,2015-01-01,24.95
1907,2015-01-01,14.95
1908,2015-01-01,17.95
1909,2015-01-01,14.95
1910,2015-01-01,22.95
1911,2015-01-01,24.95
1912,2015-01-01,34.95
1913,2015-01-01,17.95
1914,2015-01-01,17.95
1915,2015-01-01,19.95
1916,2015-01-01,14.95
1917,2015-01-01,14.95
1918,2015-01-01,14.95
1919,2015-01-01,17.95
1920,2015-01-01,19.95
1921,2015-01-01,16.95
1922,2015-01-01,17.95
1923,2015-01-01,17.95
1924,2015-01-01,17.95
1925,2015-01-01,16.95
1926,2015-01-01,16.95
1927,2015-01-01,17.95
1928,2015-01-01,17.95
1929,2015-01-01,17.95
1930,2015-01-01,39.95
1931,2015-01-01,24.95
1932,2015-01-01,14.95
1933,2015-01-01,12.95
1934,2015-01-01,17.95
1935,2015-01-01,24.95
1936,2015-01-01,17.95
1937,2015-01-01,17.95
1938,2015-01-01,14.95
1939,2015-01-01,17.95
1940,2015-01-01,14.95
1941,2015-01-01,14.95
1942,2015-01-01,16.95
1943,2015-01-01,16.95
1944,2015-01-01,16.95
1945,2015-01-01,24.95
1946,2015-01-01,17.95
1947,2015-01-01,17.95
1948,2015-01-01,17.95
1949,2015-01-01,19.95
1950,2015-01-01,24.95
1951,2015-01-01,19.95
1952,2015-01-01,17.95
1953,2015-01-01,17.95
1954,2015-01-01,17.95
1955,2015-01-01,12.95
1956,2015-01-01,17.95
1957,2015-01-01,17.95
1958,2015-01-01,29.95
1959,2015-01-01,19.95
1960,2015-01-01,24.95
1961,2015-01-01,19.95
1962,2015-01-01,17.95
1963,2015-01-01,17.95
1964,2015-01-01,16.95
1965,2015-01-01,17.95
1966,2015-01-01,19.95
1967,2015-01-01,14.95
1968,2015-01-01,19.95
1969,2015-01-01,14.95
1970,2015-01-01,16.95
1971,2015-01-01,17.95
1972,2015-01-01,17.95
1973,2015-01-01,16.95
1974,2015-01-01,14.95
1975,2015-01-01,17.95
1976,2015-01-01,14.95
1977,2015-01-01,17.95
1978,2015-01-01,17.95
1979,2015-01-01,24.95
1980,2015-01-01,19.95
1981,2015-01-01,17.95
1982,2015-01-01,34.95
1983,2015-01-01,17.95
1984,2015-01-01,17.95
1985,2015-01-01,17.95
1986,2015-01-01,15.95
1987,2015-01-01,17.95
1988,2015-01-01,14.95
1989,2015-01-01,16.95
1990,2015-01-01,14.95
1991,2015-01-01,16.95
1992,2015-01-01,14.95
1993,2015-01-01,12.95
1994,2015-01-01,17.95
1995,2015-01-01,17.95
1996,2015-01-01,17.95
1997,2015-01-01,17.95
1998,2015-01-01,27.95
1999,2015-01-01,14.95
2000,2015-01-01,11.95
2001,2015-01-01,16.95
2002,2015-01-01,15.95
2003,2015-01-01,17.95
2004,2015-01-01,14.95
2005,2015-01-01,14.95
2006,2015-01-01,19.95
2007,2015-01-01,17.95
2008,2015-01-01,27.95
2009,2015-01-01,17.95
2010,2015-01-01,17.95
2011,2015-01-01,24.95
2012,2015-01-01,24.95
2013,2015-01-01,17.95
2014,2015-01-01,16.95
2015,2015-01-01,17.95
2016,2015-01-01,19.95
2017,2015-01-01,7.95
2018,2015-01-01,19.95
2019,2015-01-01,14.95
2020,2015-01-01,16.95
2021,2015-01-01,14.95
2022,2015-01-01,14.95
2023,2015-01-01,19.95
2024,2015-01-01,22.95
2025,2015-01-01,7.95
2026,2015-01-01,24.95
2027,2015-01-01,24.95
2028,2015-01-01,17.95
2029,2015-01-01,17.95
2030,2015-01-01,12.95
2031,2015-01-01,16.95
2032,2015-01-01,19.95
2033,2015-01-01,13.95
2034,2015-01-01,24.95
2035,2015-01-01,24.95
2036,2015-01-01,24.95
2037,2015-01-01,17.95
2038,2015-01-01,14.95
2039,2015-01-01,10.95
2040,2015-01-01,14.95
2041,2015-01-01,14.95
2042,2015-01-01,23.95
2043,2015-01-01,24.95
2044,2015-01-01,17.95
2045,2015-01-01,9.95
2046,2015-01-01,17.95
2047,2015-01-01,11.95
2048,2015-01-01,17.95
2049,2015-01-01,16.95
2050,2015-01-01,24.95
2051,2015-01-01,17.95
2052,2015-01-01,16.95
2053,2015-01-01,24.95
2054,2015-01-01,12.95
2055,2015-01-01,12.95
2056,2015-01-01,14.95
2057,2015-01-01,17.95
2058,2015-01-01,14.95
2059,2015-01-01,14.95
2060,2015-01-01,14.95
2061,2015-01-01,14.95
2062,2015-01-01,12.95
2063,2015-01-01,17.95
2064,2015-01-01,17.95
2065,2015-01-01,17.95
2066,2015-01-01,14.95
2067,2015-01-01,24.95
2068,2015-01-01,17.95
2069,2015-01-01,9.95
2070,2015-01-01,16.95
2071,2015-01-01,14.95
2072,2015-01-01,14.95
2073,2015-01-01,17.95
2074,2015-01-01,14.95
2075,2015-01-01,14.95
2076,2015-01-01,19.95
2077,2015-01-01,17.95
2078,2015-01-01,14.95
2079,2015-01-01,19.95
2080,2015-01-01,14.95
2081,2015-01-01,17.95
2082,2015-01-01,14.95
2083,2015-01-01,22.95
2084,2015-01-01,17.95
2085,2015-01-01,29.95
2086,2015-01-01,19.95
2087,2015-01-01,19.95
2088,2015-01-01,17.95
2089,2015-01-01,14.95
2090,2015-01-01,14.95
2091,2015-01-01,16.95
2092,2015-01-01,16.95
2093,2015-01-01,17.95
2094,2015-01-01,16.95
2095,2015-01-01,14.95
2096,2015-01-01,14.95
2097,2015-01-01,24.95
2098,2015-01-01,14.95
2099,2015-01-01,16.95
2100,2015-01-01,19.95
2101,2015-01-01,17.95
2102,2015-01-01,27.95
2103,2015-01-01,24.95
2104,2015-01-01,13.95
2105,2015-01-01,17.95
2106,2015-01-01,23.95
2107,2015-01-01,47.95
2108,2015-01-01,14.95
2109,2015-01-01,14.95
2110,2015-01-01,17.95
2111,2015-01-01,16.95
2112,2015-01-01,16.95
2113,2015-01-01,12.95
2114,2015-01-01,12.95
2115,2015-01-01,17.95
2116,2015-01-01,17.95
2117,2015-01-01,14.95
2118,2015-01-01,17.95
2119,2015-01-01,14.95
2120,2015-01-01,12.95
2121,2015-01-01,19.95
2122,2015-01-01,14.95
2123,2015-01-01,16.95
2124,2015-01-01,17.95
2125,2015-01-01,17.95
2126,2015-01-01,32.95
2127,2015-01-01,17.95
2128,2015-01-01,15.95
2129,2015-01-01,19.95
2130,2015-01-01,14.95
2131,2015-01-01,14.95
2132,2015-01-01,17.95
2133,2015-01-01,17.95
2134,2015-01-01,17.95
2135,2015-01-01,17.95
2136,2015-01-01,14.95
2137,2015-01-01,14.95
2138,2015-01-01,15.95
2139,2015-01-01,12.95
2140,2015-01-01,17.95
2141,2015-01-01,24.95
2142,2015-01-01,17.95
2143,2015-01-01,14.95
2144,2015-01-01,14.95
2145,2015-01-01,12.95
2146,2015-01-01,14.95
2147,2015-01-01,14.95
2148,2015-01-01,24.95
2149,2015-01-01,8.95
2150,2015-01-01,17.95
2151,2015-01-01,17.95
2152,2015-01-01,17.95
2153,2015-01-01,14.95
2154,2015-01-01,14.95
2155,2015-01-01,14.95
2156,2015-01-01,29.95
2157,2015-01-01,14.95
2158,2015-01-01,14.95
2159,2015-01-01,14.95
2160,2015-01-01,14.95
2161,2015-01-01,12.95
2162,2015-01-01,24.95
2163,2015-01-01,17.95
2164,2015-01-01,17.95
2165,2015-01-01,17.95
2166,2015-01-01,14.95
2167,2015-01-01,17.95
2168,2015-01-01,14.95
2169,2015-01-01,17.95
2170,2015-01-01,17.95
2171,2015-01-01,14.95
2172,2015-01-01,17.95
2173,2015-01-01,22.95
2174,2015-01-01,14.95
2175,2015-01-01,17.95
2176,2015-01-01,19.95
2177,2015-01-01,14.95
2178,2015-01-01,14.95
2179,2015-01-01,23.95
2180,2015-01-01,17.95
2181,2015-01-01,14.95
2182,2015-01-01,12.95
2183,2015-01-01,14.95
2184,2015-01-01,23.95
2185,2015-01-01,16.95
2186,2015-01-01,29.95
2187,2015-01-01,19.95
2188,2015-01-01,17.95
2189,2015-01-01,17.95
2190,2015-01-01,24.95
2191,2015-01-01,17.95
2192,2015-01-01,24.95
2193,2015-01-01,23.95
2194,2015-01-01,12.95
2195,2015-01-01,17.95
2196,2015-01-01,13.95
2197,2015-01-01,20.95
2197,2018-01-01,12.95
2198,2015-01-01,14.95
2199,2015-01-01,12.95
2200,2015-01-01,19.95
2201,2015-01-01,24.95
2202,2015-01-01,19.95
2203,2015-01-01,17.95
2204,2015-01-01,16.95
2205,2015-01-01,11.95
2206,2015-01-01,14.95
2207,2015-01-01,12.95
2208,2015-01-01,17.95
2209,2015-01-01,17.95
2210,2015-01-01,15.95
2211,2015-01-01,17.95
2212,2015-01-01,17.95
3001,2015-01-01,299.99
3002,2015-01-01,299.99
3002,2017-01-01,199.99
3003,2015-01-01,139.99
3004,2015-01-01,169.99
3005,2015-01-01,499.99
3006,2015-01-01,249.99
3007,2015-01-01,119.99
3008,2015-01-01,149.99
3009,2015-01-01,249.99
3010,2015-01-01,199.99
